Publisher,Rank,Name,Platform,Year,Genre,NA_Sales,EU_Sales,JP_Sales,Other_Sales,Global_Sales
10TACLE Studios,3,3,3,3,3,3,3,3,3,3
1C Company,3,3,3,3,3,3,3,3,3,3
20th Century Fox Video Games,5,5,5,5,5,5,5,5,5,5
2D Boy,1,1,1,1,1,1,1,1,1,1
3DO,36,36,36,36,36,36,36,36,36,36
49Games,1,1,1,1,1,1,1,1,1,1
505 Games,192,192,192,192,192,192,192,192,192,192
5pb,61,61,61,61,61,61,61,61,61,61
7G//AMES,4,4,4,4,4,4,4,4,4,4
989 Sports,1,1,1,1,1,1,1,1,1,1
989 Studios,14,14,14,14,14,14,14,14,14,14
AQ Interactive,5,5,5,5,5,5,5,5,5,5
ASC Games,3,3,3,3,3,3,3,3,3,3
ASCII Entertainment,20,20,20,20,20,20,20,20,20,20
ASCII Media Works,9,9,9,9,9,9,9,9,9,9
ASK,1,1,1,1,1,1,1,1,1,1
Abylight,1,1,1,1,1,1,1,1,1,1
Acclaim Entertainment,184,184,184,184,184,184,184,184,184,184
Accolade,3,3,3,3,3,3,3,3,3,3
Ackkstudios,10,10,10,10,10,10,10,10,10,10
Acquire,13,13,13,13,13,13,13,13,13,13
Activision,966,966,966,966,966,966,966,966,966,966
Activision Blizzard,1,1,1,1,1,1,1,1,1,1
Activision Value,29,29,29,29,29,29,29,29,29,29
Adeline Software,1,1,1,1,1,1,1,1,1,1
Aerosoft,2,2,2,2,2,2,2,2,2,2
Agatsuma Entertainment,3,3,3,3,3,3,3,3,3,3
Agetec,8,8,8,8,8,8,8,8,8,8
Aksys Games,8,8,8,8,8,8,8,8,8,8
Alawar Entertainment,2,2,2,2,2,2,2,2,2,2
Alchemist,43,43,43,43,43,43,43,43,43,43
Alternative Software,6,6,6,6,6,6,6,6,6,6
Altron,1,1,1,1,1,1,1,1,1,1
Alvion,2,2,2,2,2,2,2,2,2,2
American Softworks,1,1,1,1,1,1,1,1,1,1
Angel Studios,3,3,3,3,3,3,3,3,3,3
Answer Software,1,1,1,1,1,1,1,1,1,1
Aqua Plus,23,23,23,23,23,23,23,23,23,23
Aques,1,1,1,1,1,1,1,1,1,1
Arc System Works,26,26,26,26,26,26,26,26,26,26
Arena Entertainment,2,2,2,2,2,2,2,2,2,2
Aria,1,1,1,1,1,1,1,1,1,1
Arika,3,3,3,3,3,3,3,3,3,3
ArtDink,9,9,9,9,9,9,9,9,9,9
Aruze Corp,3,3,3,3,3,3,3,3,3,3
Ascaron Entertainment,1,1,1,1,1,1,1,1,1,1
Ascaron Entertainment GmbH,3,3,3,3,3,3,3,3,3,3
Asgard,8,8,8,8,8,8,8,8,8,8
Asmik Ace Entertainment,3,3,3,3,3,3,3,3,3,3
Asmik Corp,2,2,2,2,2,2,2,2,2,2
Aspyr,8,8,8,8,8,8,8,8,8,8
Astragon,6,6,6,6,6,6,6,6,6,6
Asylum Entertainment,6,6,6,6,6,6,6,6,6,6
Atari,347,347,347,347,347,347,347,347,347,347
Athena,2,2,2,2,2,2,2,2,2,2
Atlus,67,67,67,67,67,67,67,67,67,67
Avalon Interactive,6,6,6,6,6,6,6,6,6,6
Avanquest,25,25,25,25,25,25,25,25,25,25
Avanquest Software,9,9,9,9,9,9,9,9,9,9
Axela,1,1,1,1,1,1,1,1,1,1
BAM! Entertainment,35,35,35,35,35,35,35,35,35,35
BMG Interactive Entertainment,7,7,7,7,7,7,7,7,7,7
BPS,2,2,2,2,2,2,2,2,2,2
Banpresto,73,73,73,73,73,73,73,73,73,73
Benesse,6,6,6,6,6,6,6,6,6,6
Berkeley,1,1,1,1,1,1,1,1,1,1
Bethesda Softworks,69,69,69,69,69,69,69,69,69,69
Big Ben Interactive,7,7,7,7,7,7,7,7,7,7
Big Fish Games,2,2,2,2,2,2,2,2,2,2
Bigben Interactive,13,13,13,13,13,13,13,13,13,13
Black Bean Games,30,30,30,30,30,30,30,30,30,30
Black Label Games,1,1,1,1,1,1,1,1,1,1
Blast! Entertainment Ltd,6,6,6,6,6,6,6,6,6,6
Blue Byte,2,2,2,2,2,2,2,2,2,2
Bohemia Interactive,1,1,1,1,1,1,1,1,1,1
Bomb,1,1,1,1,1,1,1,1,1,1
Boost On,1,1,1,1,1,1,1,1,1,1
Brash Entertainment,10,10,10,10,10,10,10,10,10,10
Broccoli,22,22,22,22,22,22,22,22,22,22
BushiRoad,1,1,1,1,1,1,1,1,1,1
CBS Electronics,1,1,1,1,1,1,1,1,1,1
CCP,1,1,1,1,1,1,1,1,1,1
CDV Software Entertainment,6,6,6,6,6,6,6,6,6,6
CPG Products,1,1,1,1,1,1,1,1,1,1
CTO SpA,2,2,2,2,2,2,2,2,2,2
Capcom,376,376,376,376,376,376,376,376,376,376
Cave,10,10,10,10,10,10,10,10,10,10
ChunSoft,18,18,18,18,18,18,18,18,18,18
City Interactive,18,18,18,18,18,18,18,18,18,18
Cloud Imperium Games Corporation,2,2,2,2,2,2,2,2,2,2
Coconuts Japan,2,2,2,2,2,2,2,2,2,2
Codemasters,150,150,150,150,150,150,150,150,150,150
Codemasters Online,1,1,1,1,1,1,1,1,1,1
CokeM Interactive,1,1,1,1,1,1,1,1,1,1
Coleco,5,5,5,5,5,5,5,5,5,5
Comfort,6,6,6,6,6,6,6,6,6,6
Commseed,1,1,1,1,1,1,1,1,1,1
Compile,6,6,6,6,6,6,6,6,6,6
Compile Heart,20,20,20,20,20,20,20,20,20,20
Conspiracy Entertainment,14,14,14,14,14,14,14,14,14,14
Core Design Ltd.,2,2,2,2,2,2,2,2,2,2
Crave Entertainment,71,71,71,71,71,71,71,71,71,71
Creative Core,3,3,3,3,3,3,3,3,3,3
Crimson Cow,2,2,2,2,2,2,2,2,2,2
Crystal Dynamics,5,5,5,5,5,5,5,5,5,5
Culture Brain,4,4,4,4,4,4,4,4,4,4
Culture Publishers,1,1,1,1,1,1,1,1,1,1
CyberFront,14,14,14,14,14,14,14,14,14,14
Cygames,1,1,1,1,1,1,1,1,1,1
D3Publisher,183,183,183,183,183,183,183,183,183,183
DHM Interactive,3,3,3,3,3,3,3,3,3,3
DSI Games,6,6,6,6,6,6,6,6,6,6
DTP Entertainment,44,44,44,44,44,44,44,44,44,44
Daedalic,3,3,3,3,3,3,3,3,3,3
Daedalic Entertainment,3,3,3,3,3,3,3,3,3,3
Daito,4,4,4,4,4,4,4,4,4,4
Data Age,2,2,2,2,2,2,2,2,2,2
Data Design Interactive,3,3,3,3,3,3,3,3,3,3
Data East,2,2,2,2,2,2,2,2,2,2
Datam Polystar,2,2,2,2,2,2,2,2,2,2
Deep Silver,121,121,121,121,121,121,121,121,121,121
"Destination Software, Inc",12,12,12,12,12,12,12,12,12,12
Destineer,45,45,45,45,45,45,45,45,45,45
Detn8 Games,1,1,1,1,1,1,1,1,1,1
Devolver Digital,2,2,2,2,2,2,2,2,2,2
DigiCube,1,1,1,1,1,1,1,1,1,1
Disney Interactive Studios,214,214,214,214,214,214,214,214,214,214
Dorart,2,2,2,2,2,2,2,2,2,2
DreamCatcher Interactive,17,17,17,17,17,17,17,17,17,17
DreamWorks Interactive,1,1,1,1,1,1,1,1,1,1
Dusenberry Martin Racing,2,2,2,2,2,2,2,2,2,2
EA Games,1,1,1,1,1,1,1,1,1,1
EON Digital Entertainment,1,1,1,1,1,1,1,1,1,1
ESP,5,5,5,5,5,5,5,5,5,5
Easy Interactive,2,2,2,2,2,2,2,2,2,2
Ecole,1,1,1,1,1,1,1,1,1,1
Edia,2,2,2,2,2,2,2,2,2,2
Eidos Interactive,196,196,196,196,196,196,196,196,196,196
Electronic Arts,1339,1339,1339,1339,1339,1339,1339,1339,1339,1339
Electronic Arts Victor,2,2,2,2,2,2,2,2,2,2
Elf,2,2,2,2,2,2,2,2,2,2
Elite,1,1,1,1,1,1,1,1,1,1
Empire Interactive,51,51,51,51,51,51,51,51,51,51
Encore,4,4,4,4,4,4,4,4,4,4
Enix Corporation,30,30,30,30,30,30,30,30,30,30
Enjoy Gaming ltd.,1,1,1,1,1,1,1,1,1,1
Enterbrain,15,15,15,15,15,15,15,15,15,15
Epic Games,1,1,1,1,1,1,1,1,1,1
Epoch,7,7,7,7,7,7,7,7,7,7
Ertain,1,1,1,1,1,1,1,1,1,1
Essential Games,3,3,3,3,3,3,3,3,3,3
Evolution Games,1,1,1,1,1,1,1,1,1,1
Evolved Games,8,8,8,8,8,8,8,8,8,8
Excalibur Publishing,4,4,4,4,4,4,4,4,4,4
Experience Inc.,3,3,3,3,3,3,3,3,3,3
Extreme Entertainment Group,1,1,1,1,1,1,1,1,1,1
Falcom Corporation,16,16,16,16,16,16,16,16,16,16
Fields,1,1,1,1,1,1,1,1,1,1
Flashpoint Games,2,2,2,2,2,2,2,2,2,2
Flight-Plan,2,2,2,2,2,2,2,2,2,2
Focus Home Interactive,56,56,56,56,56,56,56,56,56,56
Focus Multimedia,3,3,3,3,3,3,3,3,3,3
Foreign Media Games,9,9,9,9,9,9,9,9,9,9
Fortyfive,1,1,1,1,1,1,1,1,1,1
Fox Interactive,8,8,8,8,8,8,8,8,8,8
From Software,15,15,15,15,15,15,15,15,15,15
FuRyu,27,27,27,27,27,27,27,27,27,27
FuRyu Corporation,1,1,1,1,1,1,1,1,1,1
Fuji,1,1,1,1,1,1,1,1,1,1
FunSoft,1,1,1,1,1,1,1,1,1,1
Funbox Media,6,6,6,6,6,6,6,6,6,6
Funcom,2,2,2,2,2,2,2,2,2,2
Funsta,3,3,3,3,3,3,3,3,3,3
G.Rev,2,2,2,2,2,2,2,2,2,2
GN Software,3,3,3,3,3,3,3,3,3,3
GOA,1,1,1,1,1,1,1,1,1,1
GSP,16,16,16,16,16,16,16,16,16,16
GT Interactive,45,45,45,45,45,45,45,45,45,45
Gaga,1,1,1,1,1,1,1,1,1,1
Gainax Network Systems,2,2,2,2,2,2,2,2,2,2
Gakken,2,2,2,2,2,2,2,2,2,2
Game Arts,1,1,1,1,1,1,1,1,1,1
Game Factory,32,32,32,32,32,32,32,32,32,32
Game Life,2,2,2,2,2,2,2,2,2,2
GameMill Entertainment,8,8,8,8,8,8,8,8,8,8
GameTek,1,1,1,1,1,1,1,1,1,1
Gamebridge,2,2,2,2,2,2,2,2,2,2
Gamecock,4,4,4,4,4,4,4,4,4,4
Gameloft,1,1,1,1,1,1,1,1,1,1
Gathering of Developers,9,9,9,9,9,9,9,9,9,9
General Entertainment,1,1,1,1,1,1,1,1,1,1
Genki,8,8,8,8,8,8,8,8,8,8
Genterprise,1,1,1,1,1,1,1,1,1,1
Ghostlight,14,14,14,14,14,14,14,14,14,14
Giga,1,1,1,1,1,1,1,1,1,1
Giza10,1,1,1,1,1,1,1,1,1,1
Glams,1,1,1,1,1,1,1,1,1,1
Global A Entertainment,4,4,4,4,4,4,4,4,4,4
Global Star,39,39,39,39,39,39,39,39,39,39
Gotham Games,7,7,7,7,7,7,7,7,7,7
Graffiti,6,6,6,6,6,6,6,6,6,6
Grand Prix Games,1,1,1,1,1,1,1,1,1,1
Graphsim Entertainment,1,1,1,1,1,1,1,1,1,1
Gremlin Interactive Ltd,9,9,9,9,9,9,9,9,9,9
Griffin International,1,1,1,1,1,1,1,1,1,1
Groove Games,2,2,2,2,2,2,2,2,2,2
GungHo,13,13,13,13,13,13,13,13,13,13
Gust,13,13,13,13,13,13,13,13,13,13
HAL Laboratory,1,1,1,1,1,1,1,1,1,1
HMH Interactive,2,2,2,2,2,2,2,2,2,2
Hackberry,7,7,7,7,7,7,7,7,7,7
Hamster Corporation,2,2,2,2,2,2,2,2,2,2
Happinet,5,5,5,5,5,5,5,5,5,5
Harmonix Music Systems,2,2,2,2,2,2,2,2,2,2
Hasbro Interactive,16,16,16,16,16,16,16,16,16,16
Havas Interactive,1,1,1,1,1,1,1,1,1,1
Headup Games,1,1,1,1,1,1,1,1,1,1
Hearty Robin,1,1,1,1,1,1,1,1,1,1
Hect,3,3,3,3,3,3,3,3,3,3
Hello Games,1,1,1,1,1,1,1,1,1,1
Her Interactive,1,1,1,1,1,1,1,1,1,1
Hip Interactive,5,5,5,5,5,5,5,5,5,5
Home Entertainment Suppliers,4,4,4,4,4,4,4,4,4,4
Hudson Entertainment,11,11,11,11,11,11,11,11,11,11
Hudson Soft,81,81,81,81,81,81,81,81,81,81
Human Entertainment,13,13,13,13,13,13,13,13,13,13
HuneX,2,2,2,2,2,2,2,2,2,2
IE Institute,5,5,5,5,5,5,5,5,5,5
ITT Family Games,1,1,1,1,1,1,1,1,1,1
Iceberg Interactive,3,3,3,3,3,3,3,3,3,3
Idea Factory,128,128,128,128,128,128,128,128,128,128
Idea Factory International,6,6,6,6,6,6,6,6,6,6
Ignition Entertainment,59,59,59,59,59,59,59,59,59,59
Illusion Softworks,1,1,1,1,1,1,1,1,1,1
Imadio,1,1,1,1,1,1,1,1,1,1
Image Epoch,1,1,1,1,1,1,1,1,1,1
Imageworks,1,1,1,1,1,1,1,1,1,1
Imagic,4,4,4,4,4,4,4,4,4,4
Imagineer,16,16,16,16,16,16,16,16,16,16
Imax,1,1,1,1,1,1,1,1,1,1
Indie Games,3,3,3,3,3,3,3,3,3,3
Infogrames,61,61,61,61,61,61,61,61,61,61
Insomniac Games,3,3,3,3,3,3,3,3,3,3
Interchannel,4,4,4,4,4,4,4,4,4,4
Interchannel-Holon,1,1,1,1,1,1,1,1,1,1
Intergrow,1,1,1,1,1,1,1,1,1,1
Interplay,30,30,30,30,30,30,30,30,30,30
Interplay Productions,1,1,1,1,1,1,1,1,1,1
"Interworks Unlimited, Inc.",1,1,1,1,1,1,1,1,1,1
Inti Creates,1,1,1,1,1,1,1,1,1,1
Introversion Software,1,1,1,1,1,1,1,1,1,1
Irem Software Engineering,12,12,12,12,12,12,12,12,12,12
Ivolgamus,1,1,1,1,1,1,1,1,1,1
JVC,8,8,8,8,8,8,8,8,8,8
Jack of All Games,3,3,3,3,3,3,3,3,3,3
Jaleco,23,23,23,23,23,23,23,23,23,23
Jester Interactive,3,3,3,3,3,3,3,3,3,3
JoWood Productions,22,22,22,22,22,22,22,22,22,22
Jorudan,3,3,3,3,3,3,3,3,3,3
Just Flight,1,1,1,1,1,1,1,1,1,1
KID,4,4,4,4,4,4,4,4,4,4
KSS,1,1,1,1,1,1,1,1,1,1
Kadokawa Games,15,15,15,15,15,15,15,15,15,15
Kadokawa Shoten,50,50,50,50,50,50,50,50,50,50
Kaga Create,6,6,6,6,6,6,6,6,6,6
Kalypso Media,26,26,26,26,26,26,26,26,26,26
Kamui,1,1,1,1,1,1,1,1,1,1
Kando Games,1,1,1,1,1,1,1,1,1,1
Karin Entertainment,1,1,1,1,1,1,1,1,1,1
Kemco,21,21,21,21,21,21,21,21,21,21
Kids Station,1,1,1,1,1,1,1,1,1,1
King Records,1,1,1,1,1,1,1,1,1,1
Knowledge Adventure,4,4,4,4,4,4,4,4,4,4
Koch Media,17,17,17,17,17,17,17,17,17,17
Kokopeli Digital Studios,1,1,1,1,1,1,1,1,1,1
Konami Digital Entertainment,823,823,823,823,823,823,823,823,823,823
Kool Kizz,1,1,1,1,1,1,1,1,1,1
LEGO Media,7,7,7,7,7,7,7,7,7,7
LSP Games,4,4,4,4,4,4,4,4,4,4
Laguna,4,4,4,4,4,4,4,4,4,4
Legacy Interactive,1,1,1,1,1,1,1,1,1,1
Level 5,27,27,27,27,27,27,27,27,27,27
Lexicon Entertainment,2,2,2,2,2,2,2,2,2,2
Licensed 4U,3,3,3,3,3,3,3,3,3,3
Lighthouse Interactive,1,1,1,1,1,1,1,1,1,1
Liquid Games,2,2,2,2,2,2,2,2,2,2
Little Orbit,26,26,26,26,26,26,26,26,26,26
Locus,1,1,1,1,1,1,1,1,1,1
LucasArts,89,89,89,89,89,89,89,89,89,89
MC2 Entertainment,3,3,3,3,3,3,3,3,3,3
MLB.com,1,1,1,1,1,1,1,1,1,1
MTO,8,8,8,8,8,8,8,8,8,8
MTV Games,40,40,40,40,40,40,40,40,40,40
Mad Catz,3,3,3,3,3,3,3,3,3,3
Magical Company,1,1,1,1,1,1,1,1,1,1
Magix,2,2,2,2,2,2,2,2,2,2
Majesco Entertainment,90,90,90,90,90,90,90,90,90,90
Mamba Games,2,2,2,2,2,2,2,2,2,2
Marvel Entertainment,1,1,1,1,1,1,1,1,1,1
Marvelous Entertainment,12,12,12,12,12,12,12,12,12,12
Marvelous Games,1,1,1,1,1,1,1,1,1,1
Marvelous Interactive,56,56,56,56,56,56,56,56,56,56
Masque Publishing,1,1,1,1,1,1,1,1,1,1
Mastertronic,13,13,13,13,13,13,13,13,13,13
Mastiff,16,16,16,16,16,16,16,16,16,16
Mattel Interactive,12,12,12,12,12,12,12,12,12,12
Max Five,1,1,1,1,1,1,1,1,1,1
Maximum Family Games,1,1,1,1,1,1,1,1,1,1
Maxis,3,3,3,3,3,3,3,3,3,3
Media Entertainment,1,1,1,1,1,1,1,1,1,1
Media Factory,2,2,2,2,2,2,2,2,2,2
Media Rings,3,3,3,3,3,3,3,3,3,3
Media Works,5,5,5,5,5,5,5,5,5,5
MediaQuest,1,1,1,1,1,1,1,1,1,1
Men-A-Vision,1,1,1,1,1,1,1,1,1,1
Mentor Interactive,5,5,5,5,5,5,5,5,5,5
Mercury Games,4,4,4,4,4,4,4,4,4,4
Merscom LLC,1,1,1,1,1,1,1,1,1,1
Metro 3D,12,12,12,12,12,12,12,12,12,12
Michaelsoft,1,1,1,1,1,1,1,1,1,1
Micro Cabin,3,3,3,3,3,3,3,3,3,3
Microids,10,10,10,10,10,10,10,10,10,10
Microprose,5,5,5,5,5,5,5,5,5,5
Microsoft Game Studios,189,189,189,189,189,189,189,189,189,189
Midas Interactive Entertainment,24,24,24,24,24,24,24,24,24,24
Midway Games,196,196,196,196,196,196,196,196,196,196
Milestone,1,1,1,1,1,1,1,1,1,1
Milestone S.r.l,2,2,2,2,2,2,2,2,2,2
Milestone S.r.l.,16,16,16,16,16,16,16,16,16,16
Minato Station,3,3,3,3,3,3,3,3,3,3
Mindscape,32,32,32,32,32,32,32,32,32,32
Mirai Shounen,1,1,1,1,1,1,1,1,1,1
Misawa,2,2,2,2,2,2,2,2,2,2
Mitsui,1,1,1,1,1,1,1,1,1,1
Mojang,5,5,5,5,5,5,5,5,5,5
Monte Christo Multimedia,1,1,1,1,1,1,1,1,1,1
Moss,2,2,2,2,2,2,2,2,2,2
Mud Duck Productions,3,3,3,3,3,3,3,3,3,3
Mumbo Jumbo,6,6,6,6,6,6,6,6,6,6
Mycom,1,1,1,1,1,1,1,1,1,1
Myelin Media,3,3,3,3,3,3,3,3,3,3
Mystique,1,1,1,1,1,1,1,1,1,1
NCS,3,3,3,3,3,3,3,3,3,3
NCSoft,6,6,6,6,6,6,6,6,6,6
NDA Productions,1,1,1,1,1,1,1,1,1,1
NEC,3,3,3,3,3,3,3,3,3,3
NEC Interchannel,8,8,8,8,8,8,8,8,8,8
Namco Bandai Games,928,928,928,928,928,928,928,928,928,928
Natsume,17,17,17,17,17,17,17,17,17,17
Navarre Corp,1,1,1,1,1,1,1,1,1,1
Naxat Soft,1,1,1,1,1,1,1,1,1,1
Neko Entertainment,7,7,7,7,7,7,7,7,7,7
NetRevo,2,2,2,2,2,2,2,2,2,2
New,1,1,1,1,1,1,1,1,1,1
New World Computing,1,1,1,1,1,1,1,1,1,1
NewKidCo,9,9,9,9,9,9,9,9,9,9
Nexon,1,1,1,1,1,1,1,1,1,1
Nichibutsu,1,1,1,1,1,1,1,1,1,1
Nihon Falcom Corporation,7,7,7,7,7,7,7,7,7,7
Nintendo,696,696,696,696,696,696,696,696,696,696
Nippon Amuse,1,1,1,1,1,1,1,1,1,1
Nippon Columbia,7,7,7,7,7,7,7,7,7,7
Nippon Ichi Software,104,104,104,104,104,104,104,104,104,104
Nippon Telenet,2,2,2,2,2,2,2,2,2,2
Nitroplus,2,2,2,2,2,2,2,2,2,2
Nobilis,13,13,13,13,13,13,13,13,13,13
Nordcurrent,5,5,5,5,5,5,5,5,5,5
Nordic Games,35,35,35,35,35,35,35,35,35,35
NovaLogic,3,3,3,3,3,3,3,3,3,3
Number None,1,1,1,1,1,1,1,1,1,1
O-Games,17,17,17,17,17,17,17,17,17,17
O3 Entertainment,3,3,3,3,3,3,3,3,3,3
Ocean,14,14,14,14,14,14,14,14,14,14
Office Create,2,2,2,2,2,2,2,2,2,2
On Demand,1,1,1,1,1,1,1,1,1,1
Ongakukan,1,1,1,1,1,1,1,1,1,1
Origin Systems,1,1,1,1,1,1,1,1,1,1
Otomate,1,1,1,1,1,1,1,1,1,1
Oxygen Interactive,21,21,21,21,21,21,21,21,21,21
P2 Games,3,3,3,3,3,3,3,3,3,3
PM Studios,1,1,1,1,1,1,1,1,1,1
PQube,39,39,39,39,39,39,39,39,39,39
Pacific Century Cyber Works,1,1,1,1,1,1,1,1,1,1
Pack In Soft,1,1,1,1,1,1,1,1,1,1
Pack-In-Video,2,2,2,2,2,2,2,2,2,2
Palcom,1,1,1,1,1,1,1,1,1,1
Panther Software,1,1,1,1,1,1,1,1,1,1
Paon,6,6,6,6,6,6,6,6,6,6
Paon Corporation,1,1,1,1,1,1,1,1,1,1
Paradox Development,1,1,1,1,1,1,1,1,1,1
Paradox Interactive,23,23,23,23,23,23,23,23,23,23
Parker Bros.,7,7,7,7,7,7,7,7,7,7
Performance Designed Products,2,2,2,2,2,2,2,2,2,2
Phantagram,1,1,1,1,1,1,1,1,1,1
Phantom EFX,1,1,1,1,1,1,1,1,1,1
Phenomedia,4,4,4,4,4,4,4,4,4,4
Phoenix Games,1,1,1,1,1,1,1,1,1,1
Piacci,1,1,1,1,1,1,1,1,1,1
Pinnacle,5,5,5,5,5,5,5,5,5,5
Pioneer LDC,4,4,4,4,4,4,4,4,4,4
Play It,14,14,14,14,14,14,14,14,14,14
PlayV,4,4,4,4,4,4,4,4,4,4
Playlogic Game Factory,14,14,14,14,14,14,14,14,14,14
Playmates,1,1,1,1,1,1,1,1,1,1
Playmore,1,1,1,1,1,1,1,1,1,1
Plenty,1,1,1,1,1,1,1,1,1,1
Pony Canyon,1,1,1,1,1,1,1,1,1,1
PopCap Games,15,15,15,15,15,15,15,15,15,15
PopTop Software,1,1,1,1,1,1,1,1,1,1
Popcorn Arcade,10,10,10,10,10,10,10,10,10,10
Pow,1,1,1,1,1,1,1,1,1,1
Princess Soft,3,3,3,3,3,3,3,3,3,3
Prototype,27,27,27,27,27,27,27,27,27,27
Psygnosis,32,32,32,32,32,32,32,32,32,32
Quelle,1,1,1,1,1,1,1,1,1,1
Quest,1,1,1,1,1,1,1,1,1,1
Quinrose,14,14,14,14,14,14,14,14,14,14
Quintet,1,1,1,1,1,1,1,1,1,1
RED Entertainment,1,1,1,1,1,1,1,1,1,1
RTL,8,8,8,8,8,8,8,8,8,8
Rage Software,7,7,7,7,7,7,7,7,7,7
Rain Games,1,1,1,1,1,1,1,1,1,1
Rebellion,2,2,2,2,2,2,2,2,2,2
Rebellion Developments,2,2,2,2,2,2,2,2,2,2
Red Orb,2,2,2,2,2,2,2,2,2,2
Red Storm Entertainment,3,3,3,3,3,3,3,3,3,3
RedOctane,4,4,4,4,4,4,4,4,4,4
Reef Entertainment,7,7,7,7,7,7,7,7,7,7
Revolution (Japan),1,1,1,1,1,1,1,1,1,1
Revolution Software,2,2,2,2,2,2,2,2,2,2
Rising Star Games,85,85,85,85,85,85,85,85,85,85
Riverhillsoft,1,1,1,1,1,1,1,1,1,1
Rocket Company,17,17,17,17,17,17,17,17,17,17
Rondomedia,14,14,14,14,14,14,14,14,14,14
Russel,6,6,6,6,6,6,6,6,6,6
SCS Software,1,1,1,1,1,1,1,1,1,1
SCi,17,17,17,17,17,17,17,17,17,17
SNK,22,22,22,22,22,22,22,22,22,22
SNK Playmore,18,18,18,18,18,18,18,18,18,18
SPS,1,1,1,1,1,1,1,1,1,1
SSI,1,1,1,1,1,1,1,1,1,1
Sammy Corporation,11,11,11,11,11,11,11,11,11,11
Saurus,1,1,1,1,1,1,1,1,1,1
Scholastic Inc.,10,10,10,10,10,10,10,10,10,10
Screenlife,6,6,6,6,6,6,6,6,6,6
Sega,632,632,632,632,632,632,632,632,632,632
Seta Corporation,6,6,6,6,6,6,6,6,6,6
Seventh Chord,1,1,1,1,1,1,1,1,1,1
Shogakukan,5,5,5,5,5,5,5,5,5,5
Simon & Schuster Interactive,1,1,1,1,1,1,1,1,1,1
Slightly Mad Studios,3,3,3,3,3,3,3,3,3,3
Slitherine Software,3,3,3,3,3,3,3,3,3,3
Societa,1,1,1,1,1,1,1,1,1,1
Sold Out,1,1,1,1,1,1,1,1,1,1
Sonnet,2,2,2,2,2,2,2,2,2,2
Sony Computer Entertainment,682,682,682,682,682,682,682,682,682,682
Sony Computer Entertainment America,3,3,3,3,3,3,3,3,3,3
Sony Computer Entertainment Europe,15,15,15,15,15,15,15,15,15,15
Sony Music Entertainment,1,1,1,1,1,1,1,1,1,1
Sony Online Entertainment,8,8,8,8,8,8,8,8,8,8
SouthPeak Games,37,37,37,37,37,37,37,37,37,37
Spike,37,37,37,37,37,37,37,37,37,37
Square,6,6,6,6,6,6,6,6,6,6
Square EA,1,1,1,1,1,1,1,1,1,1
Square Enix,231,231,231,231,231,231,231,231,231,231
SquareSoft,52,52,52,52,52,52,52,52,52,52
Stainless Games,1,1,1,1,1,1,1,1,1,1
Starfish,10,10,10,10,10,10,10,10,10,10
Starpath Corp.,1,1,1,1,1,1,1,1,1,1
Sting,9,9,9,9,9,9,9,9,9,9
Storm City Games,19,19,19,19,19,19,19,19,19,19
Strategy First,1,1,1,1,1,1,1,1,1,1
Success,19,19,19,19,19,19,19,19,19,19
Summitsoft,1,1,1,1,1,1,1,1,1,1
Sunflowers,1,1,1,1,1,1,1,1,1,1
Sunrise Interactive,4,4,4,4,4,4,4,4,4,4
Sunsoft,10,10,10,10,10,10,10,10,10,10
Sweets,2,2,2,2,2,2,2,2,2,2
Swing! Entertainment,6,6,6,6,6,6,6,6,6,6
Syscom,2,2,2,2,2,2,2,2,2,2
System 3,3,3,3,3,3,3,3,3,3,3
System 3 Arcade Software,13,13,13,13,13,13,13,13,13,13
System Soft,4,4,4,4,4,4,4,4,4,4
T&E Soft,1,1,1,1,1,1,1,1,1,1
TDK Core,5,5,5,5,5,5,5,5,5,5
TDK Mediactive,36,36,36,36,36,36,36,36,36,36
TGL,4,4,4,4,4,4,4,4,4,4
THQ,712,712,712,712,712,712,712,712,712,712
TOHO,1,1,1,1,1,1,1,1,1,1
TYO,1,1,1,1,1,1,1,1,1,1
Taito,19,19,19,19,19,19,19,19,19,19
Takara,16,16,16,16,16,16,16,16,16,16
Takara Tomy,37,37,37,37,37,37,37,37,37,37
Take-Two Interactive,412,412,412,412,412,412,412,412,412,412
Takuyo,1,1,1,1,1,1,1,1,1,1
TalonSoft,1,1,1,1,1,1,1,1,1,1
Team17 Software,1,1,1,1,1,1,1,1,1,1
TechnoSoft,1,1,1,1,1,1,1,1,1,1
Technos Japan Corporation,1,1,1,1,1,1,1,1,1,1
Tecmo Koei,338,338,338,338,338,338,338,338,338,338
Telegames,8,8,8,8,8,8,8,8,8,8
Telltale Games,25,25,25,25,25,25,25,25,25,25
Telstar,3,3,3,3,3,3,3,3,3,3
Tetris Online,1,1,1,1,1,1,1,1,1,1
The Adventure Company,5,5,5,5,5,5,5,5,5,5
The Learning Company,1,1,1,1,1,1,1,1,1,1
Tigervision,3,3,3,3,3,3,3,3,3,3
Time Warner Interactive,5,5,5,5,5,5,5,5,5,5
Titus,19,19,19,19,19,19,19,19,19,19
Tivola,3,3,3,3,3,3,3,3,3,3
Tommo,5,5,5,5,5,5,5,5,5,5
Tomy Corporation,18,18,18,18,18,18,18,18,18,18
TopWare Interactive,2,2,2,2,2,2,2,2,2,2
Touchstone,4,4,4,4,4,4,4,4,4,4
Tradewest,3,3,3,3,3,3,3,3,3,3
Trion Worlds,4,4,4,4,4,4,4,4,4,4
Tripwire Interactive,1,1,1,1,1,1,1,1,1,1
Tru Blu Entertainment,8,8,8,8,8,8,8,8,8,8
Tryfirst,1,1,1,1,1,1,1,1,1,1
Type-Moon,1,1,1,1,1,1,1,1,1,1
U.S. Gold,4,4,4,4,4,4,4,4,4,4
UEP Systems,1,1,1,1,1,1,1,1,1,1
UFO Interactive,16,16,16,16,16,16,16,16,16,16
UIG Entertainment,1,1,1,1,1,1,1,1,1,1
Ubisoft,918,918,918,918,918,918,918,918,918,918
Ubisoft Annecy,14,14,14,14,14,14,14,14,14,14
Universal Gamex,1,1,1,1,1,1,1,1,1,1
Universal Interactive,22,22,22,22,22,22,22,22,22,22
Unknown,100,100,100,100,100,100,100,100,100,100
Valcon Games,8,8,8,8,8,8,8,8,8,8
ValuSoft,4,4,4,4,4,4,4,4,4,4
Valve,1,1,1,1,1,1,1,1,1,1
Valve Software,3,3,3,3,3,3,3,3,3,3
Vap,1,1,1,1,1,1,1,1,1,1
Vatical Entertainment,2,2,2,2,2,2,2,2,2,2
Vic Tokai,2,2,2,2,2,2,2,2,2,2
Victor Interactive,9,9,9,9,9,9,9,9,9,9
Video System,4,4,4,4,4,4,4,4,4,4
Views,2,2,2,2,2,2,2,2,2,2
Vir2L Studios,3,3,3,3,3,3,3,3,3,3
Virgin Interactive,62,62,62,62,62,62,62,62,62,62
Virtual Play Games,2,2,2,2,2,2,2,2,2,2
Visco,1,1,1,1,1,1,1,1,1,1
Vivendi Games,161,161,161,161,161,161,161,161,161,161
Wanadoo,5,5,5,5,5,5,5,5,5,5
Warashi,1,1,1,1,1,1,1,1,1,1
Wargaming.net,1,1,1,1,1,1,1,1,1,1
Warner Bros. Interactive Entertainment,217,217,217,217,217,217,217,217,217,217
Warp,1,1,1,1,1,1,1,1,1,1
WayForward Technologies,1,1,1,1,1,1,1,1,1,1
Westwood Studios,1,1,1,1,1,1,1,1,1,1
White Park Bay Software,1,1,1,1,1,1,1,1,1,1
Wizard Video Games,1,1,1,1,1,1,1,1,1,1
XS Games,12,12,12,12,12,12,12,12,12,12
Xicat Interactive,3,3,3,3,3,3,3,3,3,3
Xing Entertainment,1,1,1,1,1,1,1,1,1,1
Xplosiv,10,10,10,10,10,10,10,10,10,10
Xseed Games,4,4,4,4,4,4,4,4,4,4
Yacht Club Games,3,3,3,3,3,3,3,3,3,3
Yamasa Entertainment,2,2,2,2,2,2,2,2,2,2
Yeti,11,11,11,11,11,11,11,11,11,11
Yuke's,3,3,3,3,3,3,3,3,3,3
Yumedia,1,1,1,1,1,1,1,1,1,1
Zenrin,2,2,2,2,2,2,2,2,2,2
Zoo Digital Publishing,104,104,104,104,104,104,104,104,104,104
Zoo Games,33,33,33,33,33,33,33,33,33,33
Zushi Games,18,18,18,18,18,18,18,18,18,18
bitComposer Games,5,5,5,5,5,5,5,5,5,5
dramatic create,5,5,5,5,5,5,5,5,5,5
fonfun,1,1,1,1,1,1,1,1,1,1
iWin,1,1,1,1,1,1,1,1,1,1
id Software,1,1,1,1,1,1,1,1,1,1
imageepoch Inc.,2,2,2,2,2,2,2,2,2,2
inXile Entertainment,1,1,1,1,1,1,1,1,1,1
"mixi, Inc",1,1,1,1,1,1,1,1,1,1
responDESIGN,2,2,2,2,2,2,2,2,2,2
